[
    {
        "id": 1,
        "firstName": "Lotte",
        "lastName": "Goucher",
        "email": "lgoucher0@home.pl",
        "gender": "Female",
        "dateOfBirth": "5/24/2022",
        "phoneNumber": "808-603-7889",
        "state": null,
        "postalCode": "4205",
        "country": "Argentina",
        "university": "Universidad Blas Pascal"
    },
    {
        "id": 2,
        "firstName": "Katharina",
        "lastName": "Keech",
        "email": "kkeech1@ihg.com",
        "gender": "Female",
        "dateOfBirth": "4/13/2022",
        "phoneNumber": "888-819-0058",
        "state": null,
        "postalCode": null,
        "country": "China",
        "university": "Chongqing Wenli University"
    },
    {
        "id": 3,
        "firstName": "Maximilianus",
        "lastName": "Ambrosio",
        "email": "mambrosio2@biblegateway.com",
        "gender": "Male",
        "dateOfBirth": "6/27/2022",
        "phoneNumber": "993-421-8801",
        "state": "Stockholm",
        "postalCode": "135 22",
        "country": "Sweden",
        "university": "Lulea University of Technology"
    },
    {
        "id": 4,
        "firstName": "Dotty",
        "lastName": "Corfield",
        "email": "dcorfield3@unesco.org",
        "gender": "Agender",
        "dateOfBirth": "3/24/2022",
        "phoneNumber": "677-358-7363",
        "state": null,
        "postalCode": null,
        "country": "Indonesia",
        "university": "Universitas Sumatera Utara"
    },
    {
        "id": 5,
        "firstName": "Birgit",
        "lastName": "Longlands",
        "email": "blonglands4@auda.org.au",
        "gender": "Female",
        "dateOfBirth": "7/10/2022",
        "phoneNumber": "704-938-9589",
        "state": null,
        "postalCode": null,
        "country": "Nigeria",
        "university": "Kogi State University"
    },
    {
        "id": 6,
        "firstName": "Mireille",
        "lastName": "Fergusson",
        "email": "mfergusson5@1688.com",
        "gender": "Non-binary",
        "dateOfBirth": "8/27/2022",
        "phoneNumber": "203-129-1467",
        "state": null,
        "postalCode": null,
        "country": "Indonesia",
        "university": "Binus University"
    },
    {
        "id": 7,
        "firstName": "Neille",
        "lastName": "Hebden",
        "email": "nhebden6@over-blog.com",
        "gender": "Agender",
        "dateOfBirth": "2/3/2022",
        "phoneNumber": "373-642-1066",
        "state": null,
        "postalCode": null,
        "country": "China",
        "university": "Beijing International Studies University"
    },
    {
        "id": 8,
        "firstName": "Blancha",
        "lastName": "Lukock",
        "email": "blukock7@de.vu",
        "gender": "Female",
        "dateOfBirth": "11/15/2021",
        "phoneNumber": "552-575-8922",
        "state": null,
        "postalCode": null,
        "country": "China",
        "university": "Chengdu University of Technology"
    },
    {
        "id": 9,
        "firstName": "Tedda",
        "lastName": "Guillain",
        "email": "tguillain8@alexa.com",
        "gender": "Female",
        "dateOfBirth": "8/8/2022",
        "phoneNumber": "407-262-8151",
        "state": null,
        "postalCode": null,
        "country": "Peru",
        "university": "Universidad Norbert Wiener"
    },
    {
        "id": 10,
        "firstName": "Bertha",
        "lastName": "Eastlake",
        "email": "beastlake9@de.vu",
        "gender": "Female",
        "dateOfBirth": "3/17/2022",
        "phoneNumber": "292-443-0134",
        "state": null,
        "postalCode": null,
        "country": "Nigeria",
        "university": "Covenant University"
    },
    {
        "id": 11,
        "firstName": "Hashim",
        "lastName": "Haskett",
        "email": "hhasketta@google.nl",
        "gender": "Non-binary",
        "dateOfBirth": "4/11/2022",
        "phoneNumber": "233-628-5043",
        "state": null,
        "postalCode": "4215",
        "country": "Philippines",
        "university": "San Beda College"
    },
    {
        "id": 12,
        "firstName": "Lelah",
        "lastName": "Curle",
        "email": "lcurleb@blinklist.com",
        "gender": "Female",
        "dateOfBirth": "10/12/2021",
        "phoneNumber": "624-220-8614",
        "state": null,
        "postalCode": null,
        "country": "China",
        "university": "Northwest A&F University"
    },
    {
        "id": 13,
        "firstName": "Chelsea",
        "lastName": "Starkie",
        "email": "cstarkiec@paypal.com",
        "gender": "Female",
        "dateOfBirth": "9/29/2021",
        "phoneNumber": "606-897-3560",
        "state": "Kentucky",
        "postalCode": "40596",
        "country": "United States",
        "university": "Erskine College"
    },
    {
        "id": 14,
        "firstName": "Beverlee",
        "lastName": "Ferrotti",
        "email": "bferrottid@dagondesign.com",
        "gender": "Female",
        "dateOfBirth": "7/16/2022",
        "phoneNumber": "423-657-6813",
        "state": "Tennessee",
        "postalCode": "37416",
        "country": "United States",
        "university": "East Central University"
    },
    {
        "id": 15,
        "firstName": "Durante",
        "lastName": "Prydden",
        "email": "dpryddene@spiegel.de",
        "gender": "Male",
        "dateOfBirth": "10/21/2021",
        "phoneNumber": "623-591-2859",
        "state": null,
        "postalCode": null,
        "country": "North Korea",
        "university": "Pyongyang University of Science and Technology"
    },
    {
        "id": 16,
        "firstName": "Rorke",
        "lastName": "Guillot",
        "email": "rguillotf@tiny.cc",
        "gender": "Male",
        "dateOfBirth": "4/9/2022",
        "phoneNumber": "812-602-3377",
        "state": null,
        "postalCode": "5046",
        "country": "Philippines",
        "university": "Don Mariano Marcos Memorial State University"
    },
    {
        "id": 17,
        "firstName": "Durward",
        "lastName": "Renard",
        "email": "drenardg@sourceforge.net",
        "gender": "Male",
        "dateOfBirth": "2/3/2022",
        "phoneNumber": "112-913-9352",
        "state": null,
        "postalCode": null,
        "country": "Vietnam",
        "university": "Water Resources University"
    },
    {
        "id": 18,
        "firstName": "Kathy",
        "lastName": "Bakeup",
        "email": "kbakeuph@mlb.com",
        "gender": "Female",
        "dateOfBirth": "12/23/2021",
        "phoneNumber": "667-118-5740",
        "state": null,
        "postalCode": null,
        "country": "China",
        "university": "China Foreign Affairs University"
    },
    {
        "id": 19,
        "firstName": "Albrecht",
        "lastName": "Gettins",
        "email": "agettinsi@ibm.com",
        "gender": "Male",
        "dateOfBirth": "3/8/2022",
        "phoneNumber": "735-211-6829",
        "state": null,
        "postalCode": null,
        "country": "China",
        "university": "Luzhou Medical College"
    },
    {
        "id": 20,
        "firstName": "Adolf",
        "lastName": "Melross",
        "email": "amelrossj@friendfeed.com",
        "gender": "Male",
        "dateOfBirth": "8/9/2022",
        "phoneNumber": "627-858-7465",
        "state": null,
        "postalCode": null,
        "country": "Bolivia",
        "university": "Universidad Privada del Valle"
    },
    {
        "id": 21,
        "firstName": "Thain",
        "lastName": "Mattock",
        "email": "tmattockk@elpais.com",
        "gender": "Male",
        "dateOfBirth": "2/23/2022",
        "phoneNumber": "939-457-4780",
        "state": null,
        "postalCode": "56000",
        "country": "Thailand",
        "university": "Sripatum University"
    },
    {
        "id": 22,
        "firstName": "Kate",
        "lastName": "Stafford",
        "email": "kstaffordl@jalbum.net",
        "gender": "Female",
        "dateOfBirth": "5/17/2022",
        "phoneNumber": "331-350-3540",
        "state": null,
        "postalCode": null,
        "country": "South Korea",
        "university": "Catholic University of Korea"
    },
    {
        "id": 23,
        "firstName": "Fania",
        "lastName": "Headford",
        "email": "fheadfordm@jiathis.com",
        "gender": "Polygender",
        "dateOfBirth": "2/19/2022",
        "phoneNumber": "650-873-3800",
        "state": null,
        "postalCode": "80140",
        "country": "Thailand",
        "university": "Kasem Bundit University"
    },
    {
        "id": 24,
        "firstName": "Jocelyne",
        "lastName": "Spain",
        "email": "jspainn@msn.com",
        "gender": "Female",
        "dateOfBirth": "6/25/2022",
        "phoneNumber": "118-919-5887",
        "state": null,
        "postalCode": null,
        "country": "Estonia",
        "university": "Estonian University of Life Sciences"
    },
    {
        "id": 25,
        "firstName": "Seymour",
        "lastName": "Hanford",
        "email": "shanfordo@dot.gov",
        "gender": "Polygender",
        "dateOfBirth": "7/16/2022",
        "phoneNumber": "504-187-4233",
        "state": null,
        "postalCode": null,
        "country": "China",
        "university": "Shandong University of Triaditional Chinese Medicine"
    },
    {
        "id": 26,
        "firstName": "Garrott",
        "lastName": "Venton",
        "email": "gventonp@php.net",
        "gender": "Male",
        "dateOfBirth": "4/22/2022",
        "phoneNumber": "441-815-4811",
        "state": null,
        "postalCode": null,
        "country": "Greece",
        "university": "Harokopio University"
    },
    {
        "id": 27,
        "firstName": "Tuckie",
        "lastName": "Jekel",
        "email": "tjekelq@amazon.co.jp",
        "gender": "Male",
        "dateOfBirth": "7/25/2022",
        "phoneNumber": "120-753-4115",
        "state": "Hajdú-Bihar",
        "postalCode": "4014",
        "country": "Hungary",
        "university": "Andrassy Gyula German Speaking University Budapest"
    },
    {
        "id": 28,
        "firstName": "Angelle",
        "lastName": "Lacroux",
        "email": "alacrouxr@sfgate.com",
        "gender": "Female",
        "dateOfBirth": "10/21/2021",
        "phoneNumber": "837-754-3427",
        "state": null,
        "postalCode": null,
        "country": "China",
        "university": "Wuhan Technical University of Surveying and Mapping"
    },
    {
        "id": 29,
        "firstName": "Broddy",
        "lastName": "Preator",
        "email": "bpreators@uol.com.br",
        "gender": "Male",
        "dateOfBirth": "5/20/2022",
        "phoneNumber": "244-804-5334",
        "state": null,
        "postalCode": null,
        "country": "Palestinian Territory",
        "university": "Hebron University"
    },
    {
        "id": 30,
        "firstName": "Iggy",
        "lastName": "Lynnitt",
        "email": "ilynnittt@a8.net",
        "gender": "Male",
        "dateOfBirth": "7/30/2022",
        "phoneNumber": "253-946-9829",
        "state": null,
        "postalCode": null,
        "country": "Venezuela",
        "university": "Universidad Nacional Experimental de la Fuerza Armada"
    },
    {
        "id": 31,
        "firstName": "Melisenda",
        "lastName": "Burnep",
        "email": "mburnepu@umich.edu",
        "gender": "Female",
        "dateOfBirth": "11/29/2021",
        "phoneNumber": "787-401-6332",
        "state": null,
        "postalCode": null,
        "country": "China",
        "university": "Southwest University of Nationalities"
    },
    {
        "id": 32,
        "firstName": "Hercule",
        "lastName": "Conti",
        "email": "hcontiv@ucoz.ru",
        "gender": "Male",
        "dateOfBirth": "6/1/2022",
        "phoneNumber": "200-760-8512",
        "state": null,
        "postalCode": null,
        "country": "Armenia",
        "university": "European Regional Educational Academy of Armenia"
    },
    {
        "id": 33,
        "firstName": "Teodoor",
        "lastName": "Caldaro",
        "email": "tcaldarow@nature.com",
        "gender": "Male",
        "dateOfBirth": "11/9/2021",
        "phoneNumber": "713-357-6616",
        "state": null,
        "postalCode": null,
        "country": "Peru",
        "university": "Universidad Nacional Hermilio Valdizan"
    },
    {
        "id": 34,
        "firstName": "Ralf",
        "lastName": "Elston",
        "email": "relstonx@taobao.com",
        "gender": "Male",
        "dateOfBirth": "3/18/2022",
        "phoneNumber": "788-578-5792",
        "state": null,
        "postalCode": "546038",
        "country": "Colombia",
        "university": "Escuela Superiore de Administración Pública"
    },
    {
        "id": 35,
        "firstName": "Berkie",
        "lastName": "Hamments",
        "email": "bhammentsy@shop-pro.jp",
        "gender": "Male",
        "dateOfBirth": "10/15/2021",
        "phoneNumber": "211-821-9409",
        "state": null,
        "postalCode": "427439",
        "country": "Russia",
        "university": "Moscow Institute of Physics and Technology"
    },
    {
        "id": 36,
        "firstName": "Hoebart",
        "lastName": "Sandham",
        "email": "hsandhamz@infoseek.co.jp",
        "gender": "Male",
        "dateOfBirth": "1/24/2022",
        "phoneNumber": "423-951-5602",
        "state": null,
        "postalCode": "90220",
        "country": "Thailand",
        "university": "National Institute of Development Administration"
    },
    {
        "id": 37,
        "firstName": "Janessa",
        "lastName": "Genders",
        "email": "jgenders10@amazon.co.jp",
        "gender": "Female",
        "dateOfBirth": "5/4/2022",
        "phoneNumber": "279-945-3203",
        "state": null,
        "postalCode": "249018",
        "country": "Russia",
        "university": "Sterlitamak State Pedagogical Institute"
    },
    {
        "id": 38,
        "firstName": "Livvy",
        "lastName": "Courtman",
        "email": "lcourtman11@hhs.gov",
        "gender": "Female",
        "dateOfBirth": "1/14/2022",
        "phoneNumber": "982-541-7048",
        "state": null,
        "postalCode": "11660-000",
        "country": "Brazil",
        "university": "Universidade de Pernambuco"
    },
    {
        "id": 39,
        "firstName": "Raimundo",
        "lastName": "Oleszczak",
        "email": "roleszczak12@webs.com",
        "gender": "Male",
        "dateOfBirth": "11/2/2021",
        "phoneNumber": "808-447-2770",
        "state": "Skåne",
        "postalCode": "253 00",
        "country": "Sweden",
        "university": "Södertörn University College"
    },
    {
        "id": 40,
        "firstName": "Rivkah",
        "lastName": "Emney",
        "email": "remney13@cnet.com",
        "gender": "Female",
        "dateOfBirth": "2/2/2022",
        "phoneNumber": "282-472-3633",
        "state": null,
        "postalCode": null,
        "country": "China",
        "university": "Nankai University"
    },
    {
        "id": 41,
        "firstName": "Dud",
        "lastName": "Larkby",
        "email": "dlarkby14@nifty.com",
        "gender": "Male",
        "dateOfBirth": "2/12/2022",
        "phoneNumber": "852-868-4334",
        "state": null,
        "postalCode": null,
        "country": "China",
        "university": "Zhejiang University"
    },
    {
        "id": 42,
        "firstName": "Mariska",
        "lastName": "Pidgeley",
        "email": "mpidgeley15@geocities.jp",
        "gender": "Female",
        "dateOfBirth": "6/28/2022",
        "phoneNumber": "459-528-9552",
        "state": null,
        "postalCode": null,
        "country": "Libya",
        "university": "Al-Asmarya University for Islamic Studies"
    },
    {
        "id": 43,
        "firstName": "Torrey",
        "lastName": "Pledger",
        "email": "tpledger16@amazonaws.com",
        "gender": "Male",
        "dateOfBirth": "11/9/2021",
        "phoneNumber": "312-669-0009",
        "state": null,
        "postalCode": null,
        "country": "Belarus",
        "university": "Vitebsk State Medical University"
    },
    {
        "id": 44,
        "firstName": "Irena",
        "lastName": "Kitchener",
        "email": "ikitchener17@so-net.ne.jp",
        "gender": "Female",
        "dateOfBirth": "9/10/2022",
        "phoneNumber": "628-726-9938",
        "state": null,
        "postalCode": null,
        "country": "Indonesia",
        "university": "Sekolah Tinggi Akuntansi Negara (STAN)"
    },
    {
        "id": 45,
        "firstName": "Alan",
        "lastName": "Batterham",
        "email": "abatterham18@miitbeian.gov.cn",
        "gender": "Male",
        "dateOfBirth": "7/31/2022",
        "phoneNumber": "319-118-9306",
        "state": null,
        "postalCode": null,
        "country": "China",
        "university": "Sichuan Fine Art Institute"
    },
    {
        "id": 46,
        "firstName": "Sherye",
        "lastName": "Rumford",
        "email": "srumford19@time.com",
        "gender": "Female",
        "dateOfBirth": "9/1/2022",
        "phoneNumber": "940-368-9912",
        "state": null,
        "postalCode": null,
        "country": "Nigeria",
        "university": "Tansian University"
    },
    {
        "id": 47,
        "firstName": "Barny",
        "lastName": "Hynes",
        "email": "bhynes1a@nyu.edu",
        "gender": "Non-binary",
        "dateOfBirth": "10/29/2021",
        "phoneNumber": "981-865-4513",
        "state": null,
        "postalCode": "23-412",
        "country": "Poland",
        "university": "Akademia Podlaska"
    },
    {
        "id": 48,
        "firstName": "Shell",
        "lastName": "Headrick",
        "email": "sheadrick1b@java.com",
        "gender": "Male",
        "dateOfBirth": "11/9/2021",
        "phoneNumber": "624-882-8122",
        "state": "Viseu",
        "postalCode": "4690-696",
        "country": "Portugal",
        "university": "Instituto Politécnico de Lisboa"
    },
    {
        "id": 49,
        "firstName": "Cherlyn",
        "lastName": "Jorio",
        "email": "cjorio1c@eventbrite.com",
        "gender": "Female",
        "dateOfBirth": "3/22/2022",
        "phoneNumber": "495-431-6255",
        "state": null,
        "postalCode": "784 01",
        "country": "Czech Republic",
        "university": "Czech University of Agriculture Prague"
    },
    {
        "id": 50,
        "firstName": "Maurizio",
        "lastName": "Pamphilon",
        "email": "mpamphilon1d@phpbb.com",
        "gender": "Non-binary",
        "dateOfBirth": "5/2/2022",
        "phoneNumber": "960-692-1660",
        "state": null,
        "postalCode": null,
        "country": "China",
        "university": "Beijing Sport University"
    },
    {
        "id": 51,
        "firstName": "Rhianna",
        "lastName": "Kesper",
        "email": "rkesper1e@studiopress.com",
        "gender": "Female",
        "dateOfBirth": "10/29/2021",
        "phoneNumber": "547-590-6442",
        "state": null,
        "postalCode": null,
        "country": "China",
        "university": "Chengdu University of Technology"
    },
    {
        "id": 52,
        "firstName": "Giuditta",
        "lastName": "Ash",
        "email": "gash1f@fastcompany.com",
        "gender": "Female",
        "dateOfBirth": "9/6/2022",
        "phoneNumber": "172-827-4529",
        "state": "Kuala Lumpur",
        "postalCode": "50923",
        "country": "Malaysia",
        "university": "Universiti Malaysia Kelantan"
    },
    {
        "id": 53,
        "firstName": "Theobald",
        "lastName": "Bird",
        "email": "tbird1g@google.es",
        "gender": "Male",
        "dateOfBirth": "5/1/2022",
        "phoneNumber": "379-138-9887",
        "state": null,
        "postalCode": null,
        "country": "China",
        "university": "Shanghai Second Polytechnic University"
    },
    {
        "id": 54,
        "firstName": "Matthias",
        "lastName": "Pawsey",
        "email": "mpawsey1h@dailymotion.com",
        "gender": "Male",
        "dateOfBirth": "3/25/2022",
        "phoneNumber": "581-790-8625",
        "state": null,
        "postalCode": null,
        "country": "Indonesia",
        "university": "Universitas 17 Agustus 1945 Cirebon"
    },
    {
        "id": 55,
        "firstName": "Efren",
        "lastName": "Heare",
        "email": "eheare1i@theglobeandmail.com",
        "gender": "Male",
        "dateOfBirth": "4/2/2022",
        "phoneNumber": "883-318-2667",
        "state": null,
        "postalCode": null,
        "country": "Chad",
        "university": "Université de N'Djamena"
    },
    {
        "id": 56,
        "firstName": "Jonathan",
        "lastName": "Novis",
        "email": "jnovis1j@walmart.com",
        "gender": "Male",
        "dateOfBirth": "9/26/2021",
        "phoneNumber": "357-782-2366",
        "state": null,
        "postalCode": null,
        "country": "Ghana",
        "university": "Kwame Nkrumah University of Science and Technology"
    },
    {
        "id": 57,
        "firstName": "Maggi",
        "lastName": "Winchcum",
        "email": "mwinchcum1k@hostgator.com",
        "gender": "Female",
        "dateOfBirth": "12/19/2021",
        "phoneNumber": "772-624-6623",
        "state": null,
        "postalCode": "13028",
        "country": "Guatemala",
        "university": "Universidad de San Carlos de Guatemala"
    },
    {
        "id": 58,
        "firstName": "Jenifer",
        "lastName": "Tabart",
        "email": "jtabart1l@rambler.ru",
        "gender": "Bigender",
        "dateOfBirth": "6/9/2022",
        "phoneNumber": "733-388-3005",
        "state": null,
        "postalCode": "1871",
        "country": "Argentina",
        "university": "Universidad Nacional del Comahue"
    },
    {
        "id": 59,
        "firstName": "Alfred",
        "lastName": "Aspole",
        "email": "aaspole1m@bbb.org",
        "gender": "Male",
        "dateOfBirth": "8/23/2022",
        "phoneNumber": "379-559-3899",
        "state": null,
        "postalCode": null,
        "country": "China",
        "university": "Dongbei University of Finance And Economics"
    },
    {
        "id": 60,
        "firstName": "Rebecka",
        "lastName": "Navein",
        "email": "rnavein1n@baidu.com",
        "gender": "Female",
        "dateOfBirth": "6/9/2022",
        "phoneNumber": "599-649-4920",
        "state": null,
        "postalCode": null,
        "country": "Chile",
        "university": "Universidad Metropolitana de Ciencias de la Educación"
    },
    {
        "id": 61,
        "firstName": "Jeanna",
        "lastName": "Blune",
        "email": "jblune1o@ox.ac.uk",
        "gender": "Female",
        "dateOfBirth": "6/28/2022",
        "phoneNumber": "686-452-8351",
        "state": null,
        "postalCode": "154617",
        "country": "Colombia",
        "university": "Universidad Autónoma de Manizales"
    },
    {
        "id": 62,
        "firstName": "Merrielle",
        "lastName": "Waddilove",
        "email": "mwaddilove1p@kickstarter.com",
        "gender": "Female",
        "dateOfBirth": "3/10/2022",
        "phoneNumber": "662-951-6069",
        "state": null,
        "postalCode": null,
        "country": "Uganda",
        "university": "Uganda Christian University"
    },
    {
        "id": 63,
        "firstName": "Kitty",
        "lastName": "Oldroyde",
        "email": "koldroyde1q@dmoz.org",
        "gender": "Female",
        "dateOfBirth": "6/5/2022",
        "phoneNumber": "499-928-0633",
        "state": "Île-de-France",
        "postalCode": "93571 CEDEX",
        "country": "France",
        "university": "Ecole Nationale du Génie de l'Eau et de l'Environnement de Strasbourg"
    },
    {
        "id": 64,
        "firstName": "Milty",
        "lastName": "Armatys",
        "email": "marmatys1r@surveymonkey.com",
        "gender": "Non-binary",
        "dateOfBirth": "8/16/2022",
        "phoneNumber": "380-876-8183",
        "state": null,
        "postalCode": null,
        "country": "Indonesia",
        "university": "Universitas Wisnuwardhana"
    },
    {
        "id": 65,
        "firstName": "Jazmin",
        "lastName": "Skewis",
        "email": "jskewis1s@multiply.com",
        "gender": "Female",
        "dateOfBirth": "4/19/2022",
        "phoneNumber": "421-565-5494",
        "state": null,
        "postalCode": null,
        "country": "China",
        "university": "China University of Geosciences Wuhan"
    },
    {
        "id": 66,
        "firstName": "Jennie",
        "lastName": "Mathers",
        "email": "jmathers1t@ihg.com",
        "gender": "Female",
        "dateOfBirth": "9/24/2021",
        "phoneNumber": "216-945-9054",
        "state": "Île-de-France",
        "postalCode": "92709 CEDEX",
        "country": "France",
        "university": "Ecole Supérieure des Sciences Economiques et Commerciales"
    },
    {
        "id": 67,
        "firstName": "Nana",
        "lastName": "Rimbault",
        "email": "nrimbault1u@howstuffworks.com",
        "gender": "Female",
        "dateOfBirth": "7/26/2022",
        "phoneNumber": "519-529-0479",
        "state": null,
        "postalCode": null,
        "country": "China",
        "university": "Shenyang Pharmaceutical University"
    },
    {
        "id": 68,
        "firstName": "Annie",
        "lastName": "Quartly",
        "email": "aquartly1v@java.com",
        "gender": "Female",
        "dateOfBirth": "4/2/2022",
        "phoneNumber": "585-217-9276",
        "state": null,
        "postalCode": null,
        "country": "Indonesia",
        "university": "Politeknik Negeri Malang"
    },
    {
        "id": 69,
        "firstName": "Donna",
        "lastName": "Carvil",
        "email": "dcarvil1w@reuters.com",
        "gender": "Female",
        "dateOfBirth": "8/31/2022",
        "phoneNumber": "321-785-8300",
        "state": null,
        "postalCode": null,
        "country": "Ecuador",
        "university": "Universidad Nacional de Loja"
    },
    {
        "id": 70,
        "firstName": "Svend",
        "lastName": "Lowers",
        "email": "slowers1x@rakuten.co.jp",
        "gender": "Male",
        "dateOfBirth": "6/28/2022",
        "phoneNumber": "556-581-8679",
        "state": null,
        "postalCode": null,
        "country": "China",
        "university": "Shanxi University"
    },
    {
        "id": 71,
        "firstName": "Karoly",
        "lastName": "Halgarth",
        "email": "khalgarth1y@paginegialle.it",
        "gender": "Non-binary",
        "dateOfBirth": "8/15/2022",
        "phoneNumber": "907-300-8263",
        "state": null,
        "postalCode": null,
        "country": "China",
        "university": "Fudan University"
    },
    {
        "id": 72,
        "firstName": "Abbe",
        "lastName": "Lilly",
        "email": "alilly1z@de.vu",
        "gender": "Female",
        "dateOfBirth": "6/25/2022",
        "phoneNumber": "999-471-0031",
        "state": "Lorraine",
        "postalCode": "54704 CEDEX",
        "country": "France",
        "university": "Université François Rabelais de Tours"
    },
    {
        "id": 73,
        "firstName": "Cariotta",
        "lastName": "Killich",
        "email": "ckillich20@google.ca",
        "gender": "Female",
        "dateOfBirth": "8/1/2022",
        "phoneNumber": "943-184-4981",
        "state": null,
        "postalCode": null,
        "country": "China",
        "university": "Zhejiang University"
    },
    {
        "id": 74,
        "firstName": "Justinn",
        "lastName": "Blundan",
        "email": "jblundan21@ucla.edu",
        "gender": "Agender",
        "dateOfBirth": "11/18/2021",
        "phoneNumber": "210-976-4728",
        "state": null,
        "postalCode": null,
        "country": "Peru",
        "university": "Universidad Nacional San Luis Gonzaga"
    },
    {
        "id": 75,
        "firstName": "Reynold",
        "lastName": "Dingley",
        "email": "rdingley22@state.gov",
        "gender": "Bigender",
        "dateOfBirth": "7/26/2022",
        "phoneNumber": "890-625-9314",
        "state": null,
        "postalCode": null,
        "country": "South Korea",
        "university": "Chonbuk Sanup University of Technology (Howon University)"
    },
    {
        "id": 76,
        "firstName": "Fawn",
        "lastName": "Pendlenton",
        "email": "fpendlenton23@wix.com",
        "gender": "Female",
        "dateOfBirth": "3/31/2022",
        "phoneNumber": "346-320-5125",
        "state": null,
        "postalCode": null,
        "country": "Bosnia and Herzegovina",
        "university": "International Burch University"
    },
    {
        "id": 77,
        "firstName": "Roby",
        "lastName": "Headrick",
        "email": "rheadrick24@bravesites.com",
        "gender": "Female",
        "dateOfBirth": "7/30/2022",
        "phoneNumber": "638-283-7916",
        "state": null,
        "postalCode": "403140",
        "country": "Russia",
        "university": "Voronezh State Technical University"
    },
    {
        "id": 78,
        "firstName": "Vincent",
        "lastName": "Bushby",
        "email": "vbushby25@desdev.cn",
        "gender": "Genderqueer",
        "dateOfBirth": "8/24/2022",
        "phoneNumber": "881-381-8735",
        "state": null,
        "postalCode": "5016",
        "country": "Philippines",
        "university": "Ateneo de Manila University"
    },
    {
        "id": 79,
        "firstName": "Bernadette",
        "lastName": "Dunphy",
        "email": "bdunphy26@wordpress.com",
        "gender": "Female",
        "dateOfBirth": "11/3/2021",
        "phoneNumber": "378-651-1987",
        "state": null,
        "postalCode": "6435",
        "country": "Bulgaria",
        "university": "Bourgas Free University"
    },
    {
        "id": 80,
        "firstName": "Thomas",
        "lastName": "Langer",
        "email": "tlanger27@about.com",
        "gender": "Male",
        "dateOfBirth": "8/18/2022",
        "phoneNumber": "222-617-6766",
        "state": "Stockholm",
        "postalCode": "164 73",
        "country": "Sweden",
        "university": "Stockholm University"
    },
    {
        "id": 81,
        "firstName": "Gage",
        "lastName": "Fabry",
        "email": "gfabry28@nature.com",
        "gender": "Male",
        "dateOfBirth": "8/17/2022",
        "phoneNumber": "741-301-1711",
        "state": "Setúbal",
        "postalCode": "2950-438",
        "country": "Portugal",
        "university": "Universidade da Madeira"
    },
    {
        "id": 82,
        "firstName": "Brand",
        "lastName": "Sorby",
        "email": "bsorby29@uiuc.edu",
        "gender": "Male",
        "dateOfBirth": "8/20/2022",
        "phoneNumber": "484-389-6392",
        "state": null,
        "postalCode": "3053",
        "country": "Bulgaria",
        "university": "University of Mining and Geology \"St. Ivan Rils\""
    },
    {
        "id": 83,
        "firstName": "Paloma",
        "lastName": "Raoul",
        "email": "praoul2a@shinystat.com",
        "gender": "Female",
        "dateOfBirth": "6/3/2022",
        "phoneNumber": "847-861-2128",
        "state": null,
        "postalCode": "46-310",
        "country": "Poland",
        "university": "Music Academy \"Stanislaw Moniuszko\" in Gdansk"
    },
    {
        "id": 84,
        "firstName": "Randall",
        "lastName": "Duffett",
        "email": "rduffett2b@ezinearticles.com",
        "gender": "Male",
        "dateOfBirth": "3/20/2022",
        "phoneNumber": "782-157-6880",
        "state": null,
        "postalCode": null,
        "country": "China",
        "university": "Harbin Institute of Technology"
    },
    {
        "id": 85,
        "firstName": "Gearard",
        "lastName": "Kirtland",
        "email": "gkirtland2c@springer.com",
        "gender": "Male",
        "dateOfBirth": "5/16/2022",
        "phoneNumber": "106-187-1974",
        "state": "Ontario",
        "postalCode": "M3H",
        "country": "Canada",
        "university": "Télé-université, Université du Québec"
    },
    {
        "id": 86,
        "firstName": "Jean",
        "lastName": "Firks",
        "email": "jfirks2d@zimbio.com",
        "gender": "Male",
        "dateOfBirth": "11/27/2021",
        "phoneNumber": "184-433-4885",
        "state": null,
        "postalCode": null,
        "country": "Mauritius",
        "university": "University of Mauritius"
    },
    {
        "id": 87,
        "firstName": "Jeanette",
        "lastName": "Chasson",
        "email": "jchasson2e@youtu.be",
        "gender": "Female",
        "dateOfBirth": "3/28/2022",
        "phoneNumber": "791-856-6973",
        "state": "Gävleborg",
        "postalCode": "813 27",
        "country": "Sweden",
        "university": "Göteborg University"
    },
    {
        "id": 88,
        "firstName": "Wald",
        "lastName": "Addicott",
        "email": "waddicott2f@smh.com.au",
        "gender": "Male",
        "dateOfBirth": "11/13/2021",
        "phoneNumber": "229-525-8357",
        "state": null,
        "postalCode": null,
        "country": "Yemen",
        "university": "Hadhramout University of Science and Technology "
    },
    {
        "id": 89,
        "firstName": "Ewen",
        "lastName": "Cazin",
        "email": "ecazin2g@shutterfly.com",
        "gender": "Male",
        "dateOfBirth": "8/24/2022",
        "phoneNumber": "287-825-0943",
        "state": "Saskatchewan",
        "postalCode": "S9H",
        "country": "Canada",
        "university": "Humber College"
    },
    {
        "id": 90,
        "firstName": "Nikola",
        "lastName": "Halliwell",
        "email": "nhalliwell2h@webmd.com",
        "gender": "Non-binary",
        "dateOfBirth": "6/28/2022",
        "phoneNumber": "201-527-8968",
        "state": null,
        "postalCode": "51216",
        "country": "Croatia",
        "university": "University of Dubrovnik"
    },
    {
        "id": 91,
        "firstName": "Roddie",
        "lastName": "Negri",
        "email": "rnegri2i@fema.gov",
        "gender": "Male",
        "dateOfBirth": "3/15/2022",
        "phoneNumber": "263-989-8224",
        "state": null,
        "postalCode": "613380",
        "country": "Russia",
        "university": "Nayanova University"
    },
    {
        "id": 92,
        "firstName": "Issie",
        "lastName": "Pilmoor",
        "email": "ipilmoor2j@umich.edu",
        "gender": "Female",
        "dateOfBirth": "2/8/2022",
        "phoneNumber": "418-501-0597",
        "state": null,
        "postalCode": "39-410",
        "country": "Poland",
        "university": "Academy of Humanities and Economics in Lodz"
    },
    {
        "id": 93,
        "firstName": "Demetris",
        "lastName": "Kupka",
        "email": "dkupka2k@angelfire.com",
        "gender": "Female",
        "dateOfBirth": "3/4/2022",
        "phoneNumber": "928-651-6531",
        "state": null,
        "postalCode": "8655",
        "country": "South Africa",
        "university": "University of Witwatersrand"
    },
    {
        "id": 94,
        "firstName": "Ephrem",
        "lastName": "Ashtonhurst",
        "email": "eashtonhurst2l@friendfeed.com",
        "gender": "Male",
        "dateOfBirth": "12/28/2021",
        "phoneNumber": "120-310-2088",
        "state": null,
        "postalCode": null,
        "country": "China",
        "university": "Shanghai Institue of Foreign Trade"
    },
    {
        "id": 95,
        "firstName": "Kaitlin",
        "lastName": "Reneke",
        "email": "kreneke2m@utexas.edu",
        "gender": "Female",
        "dateOfBirth": "3/5/2022",
        "phoneNumber": "217-305-3352",
        "state": "Illinois",
        "postalCode": "62711",
        "country": "United States",
        "university": "The Boston Conservatory"
    },
    {
        "id": 96,
        "firstName": "Sibyl",
        "lastName": "Notti",
        "email": "snotti2n@patch.com",
        "gender": "Polygender",
        "dateOfBirth": "1/1/2022",
        "phoneNumber": "563-715-8348",
        "state": null,
        "postalCode": null,
        "country": "China",
        "university": "Xi'an International Studies University"
    },
    {
        "id": 97,
        "firstName": "Emery",
        "lastName": "Bleackly",
        "email": "ebleackly2o@creativecommons.org",
        "gender": "Bigender",
        "dateOfBirth": "8/5/2022",
        "phoneNumber": "340-623-4914",
        "state": null,
        "postalCode": null,
        "country": "China",
        "university": "Huizhou University"
    },
    {
        "id": 98,
        "firstName": "Fina",
        "lastName": "Tather",
        "email": "ftather2p@google.it",
        "gender": "Female",
        "dateOfBirth": "3/4/2022",
        "phoneNumber": "754-709-2633",
        "state": null,
        "postalCode": null,
        "country": "China",
        "university": "Shenyang University"
    },
    {
        "id": 99,
        "firstName": "Melantha",
        "lastName": "Louw",
        "email": "mlouw2q@epa.gov",
        "gender": "Female",
        "dateOfBirth": "11/11/2021",
        "phoneNumber": "895-578-2799",
        "state": null,
        "postalCode": null,
        "country": "Israel",
        "university": "Sami Shamoon College of Engineering"
    },
    {
        "id": 100,
        "firstName": "Helaine",
        "lastName": "Biddulph",
        "email": "hbiddulph2r@unicef.org",
        "gender": "Female",
        "dateOfBirth": "11/10/2021",
        "phoneNumber": "753-495-7636",
        "state": null,
        "postalCode": null,
        "country": "China",
        "university": "Beijing University of Science and Technology"
    }
]